PROVINCE,CANTON,DISTRICT,ZIPCODE,POPULATION_2011,IDS,POSICIÓN,POPULATION_2016,EXTENSION,DENSITY,REGION
SAN JOSÉ,SAN JOSÉ,CARMEN,10101,2702,81.16,57,3090,1.49,2073.83,CENTRAL
SAN JOSÉ,SAN JOSÉ,MERCED,10102,12257,67.73,196,14721,2.29,6428.38,CENTRAL
SAN JOSÉ,SAN JOSÉ,HOSPITAL,10103,19270,62.5,250,22895,3.38,6773.67,CENTRAL
SAN JOSÉ,SAN JOSÉ,CATEDRAL,10104,12936,76.17,89,15308,2.31,6626.84,CENTRAL
SAN JOSÉ,SAN JOSÉ,ZAPOTE,10105,18679,82.86,44,21460,2.85,7529.82,CENTRAL
SAN JOSÉ,SAN JOSÉ,SAN FRANCISCO DE DOS RÍOS,10106,20209,82.87,43,23269,2.68,8682.46,CENTRAL
SAN JOSÉ,SAN JOSÉ,URUCA,10107,31728,63.87,229,39443,8.35,4723.71,CENTRAL
SAN JOSÉ,SAN JOSÉ,MATA REDONDA,10108,8313,93.16,8,9895,3.68,2688.86,CENTRAL
SAN JOSÉ,SAN JOSÉ,PAVAS,10109,71384,73.72,113,84102,9.34,9004.5,CENTRAL
SAN JOSÉ,SAN JOSÉ,HATILLO,10110,50511,68.71,178,57902,4.27,13560.19,CENTRAL
SAN JOSÉ,SAN JOSÉ,SAN SEBASTIÁN,10111,40065,76.19,88,44707,3.98,11232.91,CENTRAL
SAN JOSÉ,ESCAZÚ,ESCAZÚ,10201,11984,91.54,11,13529,4.38,3088.81,CENTRAL
SAN JOSÉ,ESCAZÚ,SAN ANTONIO,10202,22554,80.9,58,26397,16.99,1553.68,CENTRAL
SAN JOSÉ,ESCAZÚ,SAN RAFAEL,10203,21971,100.0,1,27436,13.12,2091.16,CENTRAL
SAN JOSÉ,DESAMPARADOS,DESAMPARADOS,10301,33866,81.42,54,36794,3.03,12143.23,CENTRAL
SAN JOSÉ,DESAMPARADOS,SAN MIGUEL,10302,31805,68.45,183,36199,21.15,1711.54,CENTRAL
SAN JOSÉ,DESAMPARADOS,SAN JUAN DE DIOS,10303,19481,68.66,180,22691,2.98,7614.43,CENTRAL
SAN JOSÉ,DESAMPARADOS,SAN RAFAEL ARRIBA,10304,15262,75.64,95,17305,3.11,5564.31,CENTRAL
SAN JOSÉ,DESAMPARADOS,SAN ANTONIO,10305,9727,86.66,29,10856,2.09,5194.26,CENTRAL
SAN JOSÉ,DESAMPARADOS,FRAILES,10306,3772,55.82,322,4380,19.48,224.85,CENTRAL
SAN JOSÉ,DESAMPARADOS,PATARRÁ,10307,11921,69.23,172,13846,15.88,871.91,CENTRAL
SAN JOSÉ,DESAMPARADOS,SAN CRISTÓBAL,10308,3905,63.84,231,4530,25.24,179.48,CENTRAL
SAN JOSÉ,DESAMPARADOS,ROSARIO,10309,3088,55.09,332,3561,14.68,242.57,CENTRAL
SAN JOSÉ,DESAMPARADOS,DAMAS,10310,13175,78.79,70,14790,2.57,5754.86,CENTRAL
SAN JOSÉ,DESAMPARADOS,SAN RAFAEL ABAJO,10311,23283,74.6,102,25901,1.99,13015.58,CENTRAL
SAN JOSÉ,DESAMPARADOS,GRAVILIAS,10312,15024,84.84,32,16555,2.97,5574.07,CENTRAL
SAN JOSÉ,DESAMPARADOS,LOS GUIDO,10313,24102,60.51,267,28455,3.09,9208.74,CENTRAL
SAN JOSÉ,PURISCAL,SANTIAGO,10401,11512,74.41,104,12240,34.58,353.96,CENTRAL
SAN JOSÉ,PURISCAL,MERCEDES SUR,10402,5866,61.46,260,6673,190.87,34.96,CENTRAL
SAN JOSÉ,PURISCAL,BARBACOAS,10403,3692,63.48,234,4165,19.09,218.18,CENTRAL
SAN JOSÉ,PURISCAL,GRIFO ALTO,10404,1182,55.28,328,1391,25.82,53.87,CENTRAL
SAN JOSÉ,PURISCAL,SAN RAFAEL,10405,1730,54.68,336,1916,13.94,137.45,CENTRAL
SAN JOSÉ,PURISCAL,CANDELARITA,10406,1436,62.51,249,1640,24.64,66.56,CENTRAL
SAN JOSÉ,PURISCAL,DESAMPARADITOS,10407,666,62.57,248,751,6.64,113.1,CENTRAL
SAN JOSÉ,PURISCAL,SAN ANTONIO,10408,3889,63.05,240,4397,16.93,259.72,CENTRAL
SAN JOSÉ,PURISCAL,CHIRES,10409,3031,43.54,442,3465,221.15,15.67,CENTRAL
SAN JOSÉ,TARRAZÚ,SAN MARCOS,10501,9993,59.29,287,10832,42.07,257.48,CENTRAL
SAN JOSÉ,TARRAZÚ,SAN LORENZO,10502,4394,36.28,468,5045,194.12,25.99,CENTRAL
SAN JOSÉ,TARRAZÚ,SAN CARLOS,10503,1893,36.78,465,2067,61.31,33.71,CENTRAL
SAN JOSÉ,ASERRÍ,ASERRÍ,10601,28191,69.55,165,29292,15.09,1941.15,CENTRAL
SAN JOSÉ,ASERRÍ,TARBACA,10602,1446,57.93,296,1585,13.94,113.7,CENTRAL
SAN JOSÉ,ASERRÍ,VUELTA DE JORCO,10603,6499,60.5,268,6941,22.32,310.98,CENTRAL
SAN JOSÉ,ASERRÍ,SAN GABRIEL,10604,6061,55.25,329,6521,11.77,554.04,CENTRAL
SAN JOSÉ,ASERRÍ,LEGUA,10605,1521,45.7,423,1676,81.59,20.54,CENTRAL
SAN JOSÉ,ASERRÍ,MONTERREY,10606,498,50.07,387,524,8.1,64.69,CENTRAL
SAN JOSÉ,ASERRÍ,SALITRILLOS,10607,13676,62.05,255,14799,14.29,1035.62,CENTRAL
SAN JOSÉ,MORA,COLÓN,10701,16088,77.25,81,16333,39.942,408.93,CENTRAL
SAN JOSÉ,MORA,GUAYABO,10702,4449,66.32,207,4539,9.005,504.06,CENTRAL
SAN JOSÉ,MORA,TABARCIA,10703,4703,59.02,290,4062,40.427,100.49,CENTRAL
SAN JOSÉ,MORA,PIEDRAS NEGRAS,10704,379,47.73,405,464,17.89,25.94,CENTRAL
SAN JOSÉ,MORA,PICAGRES,10705,675,64.59,224,838,27.28,30.72,CENTRAL
SAN JOSÉ,MORA,JARIS,10706,1197,56.12,317,1223,5.52,221.56,CENTRAL
SAN JOSÉ,MORA,QUITIRRISÍ,10707,1810,60.03,277,1830,26.625999999999998,68.73,CENTRAL
SAN JOSÉ,GOICOECHEA,GUADALUPE,10801,20663,79.68,63,22558,2.48,9095.97,CENTRAL
SAN JOSÉ,GOICOECHEA,SAN FRANCISCO,10802,2032,77.54,78,2324,0.5,4648.0,CENTRAL
SAN JOSÉ,GOICOECHEA,CALLE BLANCOS,10803,18984,78.35,73,22293,2.39,9327.62,CENTRAL
SAN JOSÉ,GOICOECHEA,MATA DE PLÁTANO,10804,17370,79.32,67,20057,7.85,2555.03,CENTRAL
SAN JOSÉ,GOICOECHEA,IPÍS,10805,26033,72.52,130,30131,2.77,10877.62,CENTRAL
SAN JOSÉ,GOICOECHEA,RANCHO REDONDO,10806,2538,71.1,144,3008,12.52,240.26,CENTRAL
SAN JOSÉ,GOICOECHEA,PURRAL,10807,27464,67.51,199,33186,2.99,11099.0,CENTRAL
SAN JOSÉ,SANTA ANA,SANTA ANA,10901,11320,90.22,14,12625,5.17,2441.97,CENTRAL
SAN JOSÉ,SANTA ANA,SALITRAL,10902,4304,70.27,155,5073,20.37,249.04,CENTRAL
SAN JOSÉ,SANTA ANA,POZOS,10903,15585,95.32,6,18872,13.42,1406.26,CENTRAL
SAN JOSÉ,SANTA ANA,URUCA,10904,7200,82.02,50,8391,6.96,1205.6,CENTRAL
SAN JOSÉ,SANTA ANA,PIEDADES,10905,8128,84.62,35,9469,12.22,774.88,CENTRAL
SAN JOSÉ,SANTA ANA,BRASIL,10906,2586,74.89,99,2948,3.28,898.78,CENTRAL
SAN JOSÉ,ALAJUELITA,ALAJUELITA,11001,11988,79.18,69,12875,1.3,9903.85,CENTRAL
SAN JOSÉ,ALAJUELITA,SAN JOSECITO,11002,10506,70.26,157,12005,2.17,5532.26,CENTRAL
SAN JOSÉ,ALAJUELITA,SAN ANTONIO,11003,4739,62.68,247,5504,9.65,570.36,CENTRAL
SAN JOSÉ,ALAJUELITA,CONCEPCIÓN,11004,18721,68.52,182,21550,2.89,7456.75,CENTRAL
SAN JOSÉ,ALAJUELITA,SAN FELIPE,11005,31649,68.1,190,37220,5.16,7213.18,CENTRAL
SAN JOSÉ,VÁSQUEZ DE CORONADO,SAN ISIDRO,11101,16625,84.75,34,18234,5.29,3446.88,CENTRAL
SAN JOSÉ,VÁSQUEZ DE CORONADO,SAN RAFAEL,11102,7040,79.88,62,8053,17.33,464.69,CENTRAL
SAN JOSÉ,VÁSQUEZ DE CORONADO,DULCE NOMBRE DE JESÚS,11103,9744,79.38,66,11255,66.3,169.76,CENTRAL
SAN JOSÉ,VÁSQUEZ DE CORONADO,PATALILLO,11104,20349,82.19,47,23270,1.89,12312.17,CENTRAL
SAN JOSÉ,VÁSQUEZ DE CORONADO,CASCAJAL,11105,6728,64.91,220,7913,131.39,60.23,CENTRAL
SAN JOSÉ,ACOSTA,SAN IGNACIO,11201,9016,67.96,193,9183,23.19,395.99,CENTRAL
SAN JOSÉ,ACOSTA,GUAITIL,11202,2406,53.33,346,2559,43.88,58.32,CENTRAL
SAN JOSÉ,ACOSTA,PALMICHAL,11203,4581,59.85,280,4990,34.58,144.3,CENTRAL
SAN JOSÉ,ACOSTA,CANGREJAL,11204,1875,50.33,384,2026,63.98,31.67,CENTRAL
SAN JOSÉ,ACOSTA,SABANILLAS,11205,2331,42.86,445,2577,176.61,14.59,CENTRAL
SAN JOSÉ,TIBÁS,SAN JUAN,11301,21745,81.31,55,25979,3.38,7686.09,CENTRAL
SAN JOSÉ,TIBÁS,CINCO ESQUINAS,11302,5925,64.81,221,7993,0.66,12110.61,CENTRAL
SAN JOSÉ,TIBÁS,ANSELMO LLORENTE,11303,9986,83.61,39,12438,1.39,8948.2,CENTRAL
SAN JOSÉ,TIBÁS,LEÓN XIII,11304,13661,59.36,286,18657,0.79,23616.46,CENTRAL
SAN JOSÉ,TIBÁS,COLIMA,11305,13525,76.12,91,17149,1.93,8885.49,CENTRAL
SAN JOSÉ,MORAVIA,SAN VICENTE,11401,30998,90.04,16,32135,5.37,5984.17,CENTRAL
SAN JOSÉ,MORAVIA,SAN JERÓNIMO,11402,6154,70.06,159,6938,18.43,376.45,CENTRAL
SAN JOSÉ,MORAVIA,LA TRINIDAD,11403,19767,76.37,86,22075,4.82,4579.88,CENTRAL
SAN JOSÉ,MONTES DE OCA,SAN PEDRO,11501,23977,88.39,22,29229,4.82,6064.11,CENTRAL
SAN JOSÉ,MONTES DE OCA,SABANILLA,11502,10775,89.24,17,13560,1.79,7575.42,CENTRAL
SAN JOSÉ,MONTES DE OCA,MERCEDES,11503,4688,90.85,12,5893,1.39,4239.57,CENTRAL
SAN JOSÉ,MONTES DE OCA,SAN RAFAEL,11504,9692,77.43,79,12979,7.16,1812.71,CENTRAL
SAN JOSÉ,TURRUBARES,SAN PABLO,11601,1357,65.09,218,1506,25.89,58.17,CENTRAL
SAN JOSÉ,TURRUBARES,SAN PEDRO,11602,646,54.63,337,806,39.12,20.6,CENTRAL
SAN JOSÉ,TURRUBARES,SAN JUAN DE MATA,11603,1182,49.1,396,1417,84.48,16.77,CENTRAL
SAN JOSÉ,TURRUBARES,SAN LUIS,11604,517,50.53,381,662,44.5,14.88,CENTRAL
SAN JOSÉ,TURRUBARES,CARARA,11605,1810,51.78,363,2141,221.3,9.67,CENTRAL
SAN JOSÉ,DOTA,SANTA MARÍA,11701,4621,54.21,341,5022,83.09,60.44,CENTRAL
SAN JOSÉ,DOTA,JARDÍN,11702,524,54.57,338,676,35.3,19.15,CENTRAL
SAN JOSÉ,DOTA,COPEY,11703,1803,51.69,366,2028,281.83,7.2,CENTRAL
SAN JOSÉ,CURRIDABAT,CURRIDABAT,11801,28817,84.39,37,32413,6.48,5002.01,CENTRAL
SAN JOSÉ,CURRIDABAT,GRANADILLA,11802,14778,86.45,30,17944,3.41,5262.17,CENTRAL
SAN JOSÉ,CURRIDABAT,SÁNCHEZ,11803,5364,99.47,2,6494,4.17,1557.31,CENTRAL
SAN JOSÉ,CURRIDABAT,TIRRASES,11804,16247,66.37,206,20177,1.89,10675.66,CENTRAL
SAN JOSÉ,PÉREZ ZELEDÓN,SAN ISIDRO DE EL GENERAL,11901,45327,69.94,161,47680,196.89,242.17,BRUNCA
SAN JOSÉ,PÉREZ ZELEDÓN,EL GENERAL,11902,6373,67.12,202,6800,78.9,86.19,BRUNCA
SAN JOSÉ,PÉREZ ZELEDÓN,DANIEL FLORES,11903,33537,71.45,141,35063,62.11,564.53,BRUNCA
SAN JOSÉ,PÉREZ ZELEDÓN,RIVAS,11904,6591,52.7,354,7234,307.85,23.5,BRUNCA
SAN JOSÉ,PÉREZ ZELEDÓN,SAN PEDRO,11905,9102,52.83,351,9606,209.31,45.89,BRUNCA
SAN JOSÉ,PÉREZ ZELEDÓN,PLATANARES,11906,7203,55.8,323,7072,90.13,78.47,BRUNCA
SAN JOSÉ,PÉREZ ZELEDÓN,PEJIBAYE,11907,7995,46.95,408,5911,206.1,28.68,BRUNCA
SAN JOSÉ,PÉREZ ZELEDÓN,CAJÓN,11908,8542,52.11,362,9089,118.15,76.93,BRUNCA
SAN JOSÉ,PÉREZ ZELEDÓN,BARÚ,11909,2393,49.82,391,2800,189.08,14.81,BRUNCA
SAN JOSÉ,PÉREZ ZELEDÓN,RÍO NUEVO,11910,3061,42.35,449,3403,240.1,14.17,BRUNCA
SAN JOSÉ,PÉREZ ZELEDÓN,PÁRAMO,11911,4410,47.45,407,4782,206.89,23.11,BRUNCA
SAN JOSÉ,PÉREZ ZELEDÓN,LA AMISTAD,11912,2863,51.37,371,2863,1753.0,1.63,BRUNCA
SAN JOSÉ,LEÓN CORTÉS CASTRO,SAN PABLO,12001,4209,56.49,309,4423,20.93,211.32,CENTRAL
SAN JOSÉ,LEÓN CORTÉS CASTRO,SAN ANDRÉS,12002,1578,44.25,436,1656,15.95,103.82,CENTRAL
SAN JOSÉ,LEÓN CORTÉS CASTRO,LLANO BONITO,12003,2111,40.08,458,2170,33.79,64.22,CENTRAL
SAN JOSÉ,LEÓN CORTÉS CASTRO,SAN ISIDRO,12004,1531,44.86,433,1751,18.68,93.74,CENTRAL
SAN JOSÉ,LEÓN CORTÉS CASTRO,SANTA CRUZ,12005,1665,48.23,400,2007,21.47,93.48,CENTRAL
SAN JOSÉ,LEÓN CORTÉS CASTRO,SAN ANTONIO,12006,1106,56.14,316,1185,9.98,118.74,CENTRAL
ALAJUELA,ALAJUELA,ALAJUELA,20101,42975,77.82,75,47255,8.88,5321.51,CENTRAL
ALAJUELA,ALAJUELA,SAN JOSÉ,20102,41656,70.72,153,48491,14.57,3328.14,CENTRAL
ALAJUELA,ALAJUELA,CARRIZAL,20103,6856,64.38,228,8188,15.9,514.97,CENTRAL
ALAJUELA,ALAJUELA,SAN ANTONIO,20104,24971,72.32,131,29004,8.68,3341.47,CENTRAL
ALAJUELA,ALAJUELA,GUÁCIMA,20105,20183,69.79,162,24172,27.92,865.76,CENTRAL
ALAJUELA,ALAJUELA,SAN ISIDRO,20106,17294,63.57,233,20587,35.87,573.93,CENTRAL
ALAJUELA,ALAJUELA,SABANILLA,20107,9059,61.8,259,11183,43.32,258.15,CENTRAL
ALAJUELA,ALAJUELA,SAN RAFAEL,20108,26248,69.03,174,31365,19.24,1630.2,CENTRAL
ALAJUELA,ALAJUELA,RÍO SEGUNDO,20109,10794,66.65,205,12517,5.37,2330.91,CENTRAL
ALAJUELA,ALAJUELA,DESAMPARADOS,20110,26109,68.56,181,30755,12.72,2417.85,CENTRAL
ALAJUELA,ALAJUELA,TURRÚCARES,20111,7630,68.71,179,8893,35.94,247.44,CENTRAL
ALAJUELA,ALAJUELA,TAMBOR,20112,10992,68.03,192,13032,13.71,950.55,CENTRAL
ALAJUELA,ALAJUELA,GARITA,20113,7277,73.48,116,8768,33.41,262.44,CENTRAL
ALAJUELA,ALAJUELA,SARAPIQUÍ,20114,2842,56.08,318,3669,112.9,32.5,HUETAR NORTE
ALAJUELA,SAN RAMÓN,SAN RAMÓN,20201,8717,89.08,18,9039,1.29,7006.98,CENTRAL
ALAJUELA,SAN RAMÓN,SANTIAGO,20202,4535,61.21,263,5208,60.19,86.53,CENTRAL
ALAJUELA,SAN RAMÓN,SAN JUAN,20203,11695,75.89,93,12494,5.07,2464.3,CENTRAL
ALAJUELA,SAN RAMÓN,PIEDADES NORTE,20204,8147,72.71,125,8927,45.99,194.11,CENTRAL
ALAJUELA,SAN RAMÓN,PIEDADES SUR,20205,3738,59.06,289,4293,116.45,36.87,CENTRAL
ALAJUELA,SAN RAMÓN,SAN RAFAEL,20206,9321,70.88,150,10155,30.83,329.39,CENTRAL
ALAJUELA,SAN RAMÓN,SAN ISIDRO,20207,4478,72.18,133,5499,8.59,640.16,CENTRAL
ALAJUELA,SAN RAMÓN,LOS ÁNGELES,20208,8500,60.44,270,9186,385.21,23.85,CENTRAL
ALAJUELA,SAN RAMÓN,ALFARO,20209,7137,73.52,115,7814,17.49,446.77,CENTRAL
ALAJUELA,SAN RAMÓN,VOLIO,20210,2270,56.3,311,2539,20.91,121.43,CENTRAL
ALAJUELA,SAN RAMÓN,CONCEPCIÓN,20211,2348,64.98,219,2673,9.0,297.0,CENTRAL
ALAJUELA,SAN RAMÓN,ZAPOTAL,20212,391,46.22,417,489,67.72,7.22,CENTRAL
ALAJUELA,SAN RAMÓN,PEÑAS BLANCAS,20213,9289,57.91,298,11385,249.9,45.56,HUETAR NORTE
ALAJUELA,GRECIA,GRECIA,20301,14859,76.65,85,15889,6.86,2316.18,CENTRAL
ALAJUELA,GRECIA,SAN ISIDRO,20302,5949,70.9,149,6766,18.09,374.02,CENTRAL
ALAJUELA,GRECIA,SAN JOSÉ,20303,8100,73.05,119,9399,12.42,756.76,CENTRAL
ALAJUELA,GRECIA,SAN ROQUE,20304,11132,74.95,96,12662,26.14,484.39,CENTRAL
ALAJUELA,GRECIA,TACARES,20305,7963,71.07,145,9235,24.84,371.78,CENTRAL
ALAJUELA,GRECIA,RÍO CUARTO,20306,11074,44.75,434,14478,254.2,56.96,HUETAR NORTE
ALAJUELA,GRECIA,PUENTE DE PIEDRA,20307,10556,68.91,175,12191,22.86,533.29,CENTRAL
ALAJUELA,GRECIA,BOLÍVAR,20308,7265,68.34,187,8323,30.31,274.6,CENTRAL
ALAJUELA,SAN MATEO,SAN MATEO,20401,2692,74.26,107,2992,64.89,46.11,PACÍFICO CENTRAL
ALAJUELA,SAN MATEO,DESMONTE,20402,1047,68.33,188,1110,21.66,51.25,PACÍFICO CENTRAL
ALAJUELA,SAN MATEO,JESÚS MARÍA,20403,2397,76.2,87,1399,18.22,76.78,PACÍFICO CENTRAL
ALAJUELA,SAN MATEO,LABRADOR,20404,1309,73.35,117,1353,21.13,64.03,PACÍFICO CENTRAL
ALAJUELA,ATENAS,ATENAS,20501,7546,91.96,10,7822,8.93,875.92,CENTRAL
ALAJUELA,ATENAS,JESÚS,20502,3631,70.3,154,4093,16.87,242.62,CENTRAL
ALAJUELA,ATENAS,MERCEDES,20503,3127,71.53,139,3556,8.3,428.43,CENTRAL
ALAJUELA,ATENAS,SAN ISIDRO,20504,2813,57.51,300,3240,14.51,223.29,CENTRAL
ALAJUELA,ATENAS,CONCEPCIÓN,20505,3473,74.51,103,3952,23.98,164.8,CENTRAL
ALAJUELA,ATENAS,SAN JOSÉ,20506,1940,62.04,256,2166,13.98,154.94,CENTRAL
ALAJUELA,ATENAS,SANTA EULALIA,20507,2082,68.87,177,2325,14.19,163.85,CENTRAL
ALAJUELA,ATENAS,ESCOBAL,20508,848,52.34,359,958,26.43,36.25,CENTRAL
ALAJUELA,NARANJO,NARANJO,20601,15936,73.05,120,16779,17.55,956.07,CENTRAL
ALAJUELA,NARANJO,SAN MIGUEL,20602,4657,65.37,215,5286,15.0,352.4,CENTRAL
ALAJUELA,NARANJO,SAN JOSÉ,20603,3162,67.63,198,3450,20.48,168.46,CENTRAL
ALAJUELA,NARANJO,CIRRÍ SUR,20604,4552,60.48,269,5128,32.1,159.75,CENTRAL
ALAJUELA,NARANJO,SAN JERÓNIMO,20605,3264,65.8,211,3733,9.44,395.44,CENTRAL
ALAJUELA,NARANJO,SAN JUAN,20606,3114,67.2,201,3432,7.02,488.89,CENTRAL
ALAJUELA,NARANJO,EL ROSARIO,20607,3757,67.05,203,4228,16.83,251.22,CENTRAL
ALAJUELA,NARANJO,PALMITOS,20608,4271,65.1,217,4678,8.2,570.49,CENTRAL
ALAJUELA,PALMARES,PALMARES,20701,3599,96.9,5,3741,1.09,3432.11,CENTRAL
ALAJUELA,PALMARES,ZARAGOZA,20702,8219,81.63,52,9209,8.05,1143.98,CENTRAL
ALAJUELA,PALMARES,BUENOS AIRES,20703,7493,78.28,74,8366,6.86,1219.53,CENTRAL
ALAJUELA,PALMARES,SANTIAGO,20704,2737,68.42,184,3132,8.05,389.07,CENTRAL
ALAJUELA,PALMARES,CANDELARIA,20705,1961,63.06,239,2272,4.07,558.23,CENTRAL
ALAJUELA,PALMARES,ESQUIPULAS,20706,6588,70.91,148,7719,5.37,1437.43,CENTRAL
ALAJUELA,PALMARES,LA GRANJA,20707,4119,90.4,13,4603,4.57,1007.22,CENTRAL
ALAJUELA,POÁS,SAN PEDRO,20801,7554,74.39,105,7919,14.64,540.92,CENTRAL
ALAJUELA,POÁS,SAN JUAN,20802,4638,63.13,237,5149,15.11,340.77,CENTRAL
ALAJUELA,POÁS,SAN RAFAEL,20803,5436,71.79,137,6065,14.32,423.53,CENTRAL
ALAJUELA,POÁS,CARRILLOS,20804,9228,66.03,209,10222,9.3,1099.14,CENTRAL
ALAJUELA,POÁS,SABANA REDONDA,20805,2343,59.63,283,2735,20.47,133.61,CENTRAL
ALAJUELA,OROTINA,OROTINA,20901,9664,73.82,112,10119,19.99,506.2,PACÍFICO CENTRAL
ALAJUELA,OROTINA,EL MASTATE,20902,1821,68.89,176,2033,9.15,222.19,PACÍFICO CENTRAL
ALAJUELA,OROTINA,HACIENDA VIEJA,20903,1022,73.7,114,1151,16.39,70.23,PACÍFICO CENTRAL
ALAJUELA,OROTINA,COYOLAR,20904,5912,51.72,365,6828,36.73,185.9,PACÍFICO CENTRAL
ALAJUELA,OROTINA,LA CEIBA,20905,1922,50.82,378,2311,59.66,38.74,PACÍFICO CENTRAL
ALAJUELA,SAN CARLOS,QUESADA,21001,42060,72.63,128,44214,145.31,304.27,HUETAR NORTE
ALAJUELA,SAN CARLOS,FLORENCIA,21002,15149,60.0,278,17116,182.15,93.97,HUETAR NORTE
ALAJUELA,SAN CARLOS,BUENAVISTA,21003,325,54.53,340,374,37.37,10.01,HUETAR NORTE
ALAJUELA,SAN CARLOS,AGUAS ZARCAS,21004,20239,60.56,266,23509,159.4,147.48,HUETAR NORTE
ALAJUELA,SAN CARLOS,VENECIA,21005,9638,63.02,241,10950,145.19,75.42,HUETAR NORTE
ALAJUELA,SAN CARLOS,PITAL,21006,17318,51.27,374,21823,375.43,58.13,HUETAR NORTE
ALAJUELA,SAN CARLOS,LA FORTUNA,21007,15383,61.2,264,17809,225.0,79.15,HUETAR NORTE
ALAJUELA,SAN CARLOS,LA TIGRA,21008,6374,62.4,251,7332,60.28,121.63,HUETAR NORTE
ALAJUELA,SAN CARLOS,LA PALMERA,21009,6321,62.69,246,7256,125.41,57.86,HUETAR NORTE
ALAJUELA,SAN CARLOS,VENADO,21010,1754,45.04,431,2054,167.75,12.24,HUETAR NORTE
ALAJUELA,SAN CARLOS,CUTRIS,21011,10334,46.89,410,13500,873.02,15.46,HUETAR NORTE
ALAJUELA,SAN CARLOS,MONTERREY,21012,3455,55.06,333,4010,220.12,18.22,HUETAR NORTE
ALAJUELA,SAN CARLOS,POCOSOL,21013,15395,46.92,409,18006,631.55,28.51,HUETAR NORTE
ALAJUELA,ZARCERO,ZARCERO,21101,4004,82.03,49,4277,12.01,356.12,CENTRAL
ALAJUELA,ZARCERO,LAGUNA,21102,1674,74.03,109,1888,23.08,81.8,CENTRAL
ALAJUELA,ZARCERO,TAPEZCO,21103,1305,79.51,65,1466,6.2,236.45,CENTRAL
ALAJUELA,ZARCERO,GUADALUPE,21104,1148,42.84,446,1320,22.35,59.06,CENTRAL
ALAJUELA,ZARCERO,PALMIRA,21105,1334,70.93,147,1580,30.29,52.16,CENTRAL
ALAJUELA,ZARCERO,ZAPOTE,21106,739,72.13,134,870,43.03,20.22,CENTRAL
ALAJUELA,ZARCERO,BRISAS,21107,2001,77.75,76,2339,18.17,128.73,CENTRAL
ALAJUELA,VALVERDE VEGA,SARCHÍ NORTE,21201,7140,74.34,106,8078,15.11,534.61,CENTRAL
ALAJUELA,VALVERDE VEGA,SARCHÍ SUR,21202,5143,64.43,226,6061,6.51,931.03,CENTRAL
ALAJUELA,VALVERDE VEGA,TORO AMARILLO,21203,273,57.98,294,366,73.03,5.01,CENTRAL
ALAJUELA,VALVERDE VEGA,SAN PEDRO,21204,3408,72.91,122,4122,15.8,260.89,CENTRAL
ALAJUELA,VALVERDE VEGA,RODRÍGUEZ,21205,2121,71.45,140,2608,9.8,266.12,CENTRAL
ALAJUELA,UPALA,UPALA,21301,16139,51.58,367,15102,139.39,108.34,HUETAR NORTE
ALAJUELA,UPALA,AGUAS CLARAS,21302,4939,49.88,390,5533,407.64,13.57,HUETAR NORTE
ALAJUELA,UPALA,SAN JOSÉ O PIZOTE,21303,7352,36.81,464,8351,285.5,29.25,HUETAR NORTE
ALAJUELA,UPALA,BIJAGUA,21304,4538,55.42,325,5140,178.69,28.76,HUETAR NORTE
ALAJUELA,UPALA,DELICIAS,21305,4483,41.99,451,5153,97.65,52.77,HUETAR NORTE
ALAJUELA,UPALA,DOS RÍOS,21306,3194,46.69,414,3733,217.93,17.13,HUETAR NORTE
ALAJUELA,UPALA,YOLILLAL,21307,3308,42.96,444,3833,147.64,25.96,HUETAR NORTE
ALAJUELA,UPALA,CANALETE,21308,4109,47.74,404,4353,106.23,40.98,HUETAR NORTE
ALAJUELA,LOS CHILES,LOS CHILES,21401,13262,45.39,428,18196,535.93,33.95,HUETAR NORTE
ALAJUELA,LOS CHILES,CAÑO NEGRO,21402,1808,45.45,427,2170,298.52,7.27,HUETAR NORTE
ALAJUELA,LOS CHILES,EL AMPARO,21403,5992,40.71,454,7258,310.65,23.36,HUETAR NORTE
ALAJUELA,LOS CHILES,SAN JORGE,21404,2673,44.53,435,3191,213.76,14.93,HUETAR NORTE
ALAJUELA,GUATUSO,SAN RAFAEL,21501,7941,45.67,424,9322,304.1,30.65,HUETAR NORTE
ALAJUELA,GUATUSO,BUENAVISTA,21502,1573,38.3,462,1864,157.1,11.87,HUETAR NORTE
ALAJUELA,GUATUSO,COTE,21503,867,52.4,356,1058,183.74,5.76,HUETAR NORTE
ALAJUELA,GUATUSO,KATIRA,21504,5127,52.28,360,6061,113.38,53.46,HUETAR NORTE
CARTAGO,CARTAGO,ORIENTAL,30101,12228,86.23,31,12441,2.39,5205.44,CENTRAL
CARTAGO,CARTAGO,OCCIDENTAL,30102,9901,82.05,48,10281,1.99,5166.33,CENTRAL
CARTAGO,CARTAGO,CARMEN,30103,17425,68.36,185,18666,4.22,4423.22,CENTRAL
CARTAGO,CARTAGO,SAN NICOLÁS,30104,25948,69.36,169,28256,28.23,1000.92,CENTRAL
CARTAGO,CARTAGO,AGUACALIENTE O SAN FRANCISCO,30105,31789,68.25,189,34482,104.15,331.08,CENTRAL
CARTAGO,CARTAGO,GUADALUPE O ARENILLA,30106,14618,77.56,77,15794,13.24,1192.9,CENTRAL
CARTAGO,CARTAGO,CORRALILLO,30107,10647,70.94,146,11568,33.09,349.59,CENTRAL
CARTAGO,CARTAGO,TIERRA BLANCA,30108,5103,71.87,136,5568,12.79,435.34,CENTRAL
CARTAGO,CARTAGO,DULCE NOMBRE,30109,10548,80.42,61,11501,39.15,293.77,CENTRAL
CARTAGO,CARTAGO,LLANO GRANDE,30110,4342,62.26,253,4780,29.81,160.35,CENTRAL
CARTAGO,CARTAGO,QUEBRADILLA,30111,5349,62.08,254,5805,18.71,310.26,CENTRAL
CARTAGO,PARAÍSO,PARAÍSO,30201,20601,73.87,111,21107,27.48,768.09,CENTRAL
CARTAGO,PARAÍSO,SANTIAGO,30202,5534,55.23,330,6150,25.34,242.7,CENTRAL
CARTAGO,PARAÍSO,OROSI,30203,9084,57.44,301,9766,315.32,30.97,CENTRAL
CARTAGO,PARAÍSO,CACHÍ,30204,5438,65.53,214,5705,36.77,155.15,CENTRAL
CARTAGO,PARAÍSO,LLANOS DE SANTA LUCÍA,30205,17086,64.43,227,18252,7.0,2607.43,CENTRAL
CARTAGO,LA UNIÓN,TRES RÍOS,30301,9331,88.01,26,9314,2.39,3897.07,CENTRAL
CARTAGO,LA UNIÓN,SAN DIEGO,30302,21620,67.29,200,23716,8.75,2710.4,CENTRAL
CARTAGO,LA UNIÓN,SAN JUAN,30303,13729,96.94,4,14926,3.58,4169.27,CENTRAL
CARTAGO,LA UNIÓN,SAN RAFAEL,30304,14247,67.95,194,15249,8.84,1725.0,CENTRAL
CARTAGO,LA UNIÓN,CONCEPCIÓN,30305,16515,74.66,101,18014,3.68,4895.11,CENTRAL
CARTAGO,LA UNIÓN,DULCE NOMBRE,30306,7893,69.61,163,8578,8.35,1027.31,CENTRAL
CARTAGO,LA UNIÓN,SAN RAMÓN,30307,4054,79.19,68,4299,4.17,1030.94,CENTRAL
CARTAGO,LA UNIÓN,RÍO AZUL,30308,12010,60.04,276,13659,5.07,2694.08,CENTRAL
CARTAGO,JIMÉNEZ,JUAN VIÑAS,30401,6552,69.43,167,7084,41.18,172.03,CENTRAL
CARTAGO,JIMÉNEZ,TUCURRIQUE,30402,4872,57.23,303,5462,36.07,151.43,CENTRAL
CARTAGO,JIMÉNEZ,PEJIBAYE,30403,3245,56.27,312,3622,209.18,17.32,CENTRAL
CARTAGO,TURRIALBA,TURRIALBA,30501,26680,71.44,142,27285,56.71,481.13,CENTRAL
CARTAGO,TURRIALBA,LA SUIZA,30502,7590,55.4,326,8000,159.8,50.06,CENTRAL
CARTAGO,TURRIALBA,PERALTA,30503,511,49.1,395,613,9.85,62.23,CENTRAL
CARTAGO,TURRIALBA,SANTA CRUZ,30504,3208,46.87,411,3701,127.4,29.05,CENTRAL
CARTAGO,TURRIALBA,SANTA TERESITA,30505,4744,54.17,342,5293,52.87,100.11,CENTRAL
CARTAGO,TURRIALBA,PAVONES,30506,4331,60.39,272,4620,40.94,112.85,CENTRAL
CARTAGO,TURRIALBA,TUIS,30507,2837,51.39,369,3007,37.56,80.06,CENTRAL
CARTAGO,TURRIALBA,TAYUTIC,30508,2374,49.03,397,2572,111.41,23.09,CENTRAL
CARTAGO,TURRIALBA,SANTA ROSA,30509,5232,62.36,252,5652,22.66,249.43,CENTRAL
CARTAGO,TURRIALBA,TRES EQUIS,30510,1808,45.58,425,1943,36.92,52.63,CENTRAL
CARTAGO,TURRIALBA,LA ISABEL,30511,6116,56.04,319,6326,20.01,316.14,CENTRAL
CARTAGO,TURRIALBA,CHIRRIPÓ,30512,4185,76.1,483,4512,966.54,4.67,CENTRAL
CARTAGO,ALVARADO,PACAYAS,30601,5628,65.73,212,5810,28.77,201.95,CENTRAL
CARTAGO,ALVARADO,CERVANTES,30602,6230,73.21,118,6579,15.4,427.21,CENTRAL
CARTAGO,ALVARADO,CAPELLADES,30603,2454,69.51,166,2587,36.89,70.13,CENTRAL
CARTAGO,OREAMUNO,SAN RAFAEL,30701,27248,72.71,126,28484,10.08,2825.79,CENTRAL
CARTAGO,OREAMUNO,COT,30702,9630,60.17,275,10560,15.06,701.2,CENTRAL
CARTAGO,OREAMUNO,POTRERO CERRADO,30703,2281,56.25,314,2536,18.72,135.47,CENTRAL
CARTAGO,OREAMUNO,CIPRESES,30704,3700,57.65,299,3995,8.7,459.2,CENTRAL
CARTAGO,OREAMUNO,SANTA ROSA,30705,2614,59.57,284,2853,149.75,19.05,CENTRAL
CARTAGO,EL GUARCO,TEJAR,30801,24984,76.16,90,26117,6.06,4309.74,CENTRAL
CARTAGO,EL GUARCO,SAN ISIDRO,30802,9828,52.4,357,10961,129.68,84.52,CENTRAL
CARTAGO,EL GUARCO,TOBOSI,30803,6569,69.06,173,7240,21.12,342.8,CENTRAL
CARTAGO,EL GUARCO,PATIO DE AGUA,30804,412,51.47,368,433,10.83,39.98,CENTRAL
HEREDIA,HEREDIA,HEREDIA,40101,18697,88.16,23,19218,2.83,6790.81,CENTRAL
HEREDIA,HEREDIA,MERCEDES,40102,25744,90.15,15,28394,4.17,6809.11,CENTRAL
HEREDIA,HEREDIA,SAN FRANCISCO,40103,49209,74.94,97,55465,6.4,8666.41,CENTRAL
HEREDIA,HEREDIA,ULLOA,40104,29266,80.52,60,32982,11.58,2848.19,CENTRAL
HEREDIA,HEREDIA,VARABLANCA,40105,700,50.43,382,889,257.62,3.45,CENTRAL
HEREDIA,BARVA,BARVA,40201,4997,83.66,38,4996,0.63,7930.16,CENTRAL
HEREDIA,BARVA,SAN PEDRO,40202,9932,70.79,152,10943,7.5,1459.07,CENTRAL
HEREDIA,BARVA,SAN PABLO,40203,8319,76.88,84,9231,6.81,1355.51,CENTRAL
HEREDIA,BARVA,SAN ROQUE,40204,4622,82.65,45,5069,1.16,4369.83,CENTRAL
HEREDIA,BARVA,SANTA LUCÍA,40205,7413,88.07,24,7889,2.98,2647.32,CENTRAL
HEREDIA,BARVA,SAN JOSÉ DE LA MONTAÑA,40206,5377,70.27,156,6321,34.72,182.06,CENTRAL
HEREDIA,SANTO DOMINGO,SANTO DOMINGO,40301,4730,83.5,40,5120,0.74,6918.92,CENTRAL
HEREDIA,SANTO DOMINGO,SAN VICENTE,40302,6427,87.28,27,7615,2.8,2719.64,CENTRAL
HEREDIA,SANTO DOMINGO,SAN MIGUEL,40303,6363,81.29,56,7520,5.86,1283.28,CENTRAL
HEREDIA,SANTO DOMINGO,PARACITO,40304,2231,71.27,143,2641,1.28,2063.28,CENTRAL
HEREDIA,SANTO DOMINGO,SANTO TOMÁS,40305,6267,88.78,19,7521,3.5,2148.86,CENTRAL
HEREDIA,SANTO DOMINGO,SANTA ROSA,40306,7269,77.16,82,8654,4.37,1980.32,CENTRAL
HEREDIA,SANTO DOMINGO,TURES,40307,3452,70.82,151,4166,3.58,1163.69,CENTRAL
HEREDIA,SANTO DOMINGO,PARA,40308,3333,74.76,100,3963,2.71,1462.36,CENTRAL
HEREDIA,SANTA BÁRBARA,SANTA BÁRBARA,40401,5944,88.03,25,6212,1.29,4815.5,CENTRAL
HEREDIA,SANTA BÁRBARA,SAN PEDRO,40402,5582,75.73,94,6385,2.48,2574.6,CENTRAL
HEREDIA,SANTA BÁRBARA,SAN JUAN,40403,7662,81.45,53,8565,4.43,1933.41,CENTRAL
HEREDIA,SANTA BÁRBARA,JESÚS,40404,9603,74.08,108,10775,12.61,854.48,CENTRAL
HEREDIA,SANTA BÁRBARA,SANTO DOMINGO,40405,2879,69.33,170,3379,26.24,128.77,CENTRAL
HEREDIA,SANTA BÁRBARA,PURABA,40406,4573,74.0,110,5136,6.16,833.77,CENTRAL
HEREDIA,SAN RAFAEL,SAN RAFAEL,40501,9668,83.2,41,10463,1.35,7750.37,CENTRAL
HEREDIA,SAN RAFAEL,SAN JOSÉCITO,40502,11579,72.61,129,13181,1.23,10716.26,CENTRAL
HEREDIA,SAN RAFAEL,SANTIAGO,40503,8409,82.96,42,9650,1.51,6390.73,CENTRAL
HEREDIA,SAN RAFAEL,ÁNGELES,40504,10232,81.81,51,11973,22.07,542.5,CENTRAL
HEREDIA,SAN RAFAEL,CONCEPCIÓN,40505,6077,78.73,71,7205,22.23,324.11,CENTRAL
HEREDIA,SAN ISIDRO,SAN ISIDRO,40601,6113,94.14,7,6272,3.01,2083.72,CENTRAL
HEREDIA,SAN ISIDRO,SAN JOSÉ,40602,7447,82.23,46,8239,11.29,729.76,CENTRAL
HEREDIA,SAN ISIDRO,CONCEPCIÓN,40603,2635,78.6,72,2897,8.07,358.98,CENTRAL
HEREDIA,SAN ISIDRO,SAN FRANCISCO,40604,4438,77.14,83,4839,4.59,1054.25,CENTRAL
HEREDIA,BELÉN,SAN ANTONIO,40701,9942,84.78,33,11293,3.51,3217.38,CENTRAL
HEREDIA,BELÉN,LA RIBERA,40702,6040,84.61,36,7207,4.17,1728.3,CENTRAL
HEREDIA,BELÉN,LA ASUNCIÓN,40703,5651,96.95,3,7044,4.47,1575.84,CENTRAL
HEREDIA,FLORES,SAN JOAQUÍN,40801,7173,88.69,20,8121,2.88,2819.79,CENTRAL
HEREDIA,FLORES,BARRANTES,40802,4091,92.46,9,4947,2.29,2160.26,CENTRAL
HEREDIA,FLORES,LLORENTE,40803,8773,79.59,64,10661,1.79,5955.87,CENTRAL
HEREDIA,SAN PABLO,SAN PABLO,40901,19412,88.48,21,20974,5.14,4080.54,CENTRAL
HEREDIA,SAN PABLO,RINCÓN DE SABANILLA,40902,8259,86.89,28,9396,2.39,3931.38,CENTRAL
HEREDIA,SARAPIQUÍ,PUERTO VIEJO,41001,20184,36.67,466,26505,426.73,62.11,HUETAR NORTE
HEREDIA,SARAPIQUÍ,LA VIRGEN,41002,10521,47.57,406,14104,513.65,27.46,HUETAR NORTE
HEREDIA,SARAPIQUÍ,HORQUETAS,41003,24331,50.37,383,30696,566.44,54.19,HUETAR NORTE
HEREDIA,SARAPIQUÍ,LLANURAS DEL GASPAR,41004,1160,19.27,480,1741,266.21,6.54,HUETAR NORTE
HEREDIA,SARAPIQUÍ,CUREÑA,41005,951,8.55,482,1348,367.51,3.67,HUETAR NORTE
GUANACASTE,LIBERIA,LIBERIA,50101,53382,68.06,191,60333,561.57,107.44,CHOROTEGA
GUANACASTE,LIBERIA,CAÑAS DULCES,50102,3230,63.07,238,3692,243.87,15.14,CHOROTEGA
GUANACASTE,LIBERIA,MAYORGA,50103,1599,45.08,430,1842,226.67,8.13,CHOROTEGA
GUANACASTE,LIBERIA,NACASCOLO,50104,2249,55.09,331,2740,323.57,8.47,CHOROTEGA
GUANACASTE,LIBERIA,CURUBANDÉ,50105,2527,55.33,327,2921,80.79,36.16,CHOROTEGA
GUANACASTE,NICOYA,NICOYA,50201,24833,63.01,242,25727,311.08,82.7,CHOROTEGA
GUANACASTE,NICOYA,MANSION,50202,5717,59.22,288,5737,211.67,27.1,CHOROTEGA
GUANACASTE,NICOYA,SAN ANTONIO,50203,6642,55.94,321,6933,338.17,20.5,CHOROTEGA
GUANACASTE,NICOYA,QUEBRADA HONDA,50204,2523,50.6,380,2565,106.93,23.99,CHOROTEGA
GUANACASTE,NICOYA,SAMARA,50205,3512,53.8,344,4309,109.51,39.35,CHOROTEGA
GUANACASTE,NICOYA,NOSARA,50206,4912,68.36,186,6241,134.92,46.26,CHOROTEGA
GUANACASTE,NICOYA,BELÉN DE NOSARITA,50207,2686,45.92,421,2884,121.4,23.76,CHOROTEGA
GUANACASTE,SANTA CRUZ,SANTA CRUZ,50301,21544,66.87,204,25739,272.08,94.6,CHOROTEGA
GUANACASTE,SANTA CRUZ,BOLSÓN,50302,1627,63.85,230,1977,30.41,65.01,CHOROTEGA
GUANACASTE,SANTA CRUZ,VEINTISIETE DE ABRIL,50303,7048,59.76,281,8112,300.65,26.98,CHOROTEGA
GUANACASTE,SANTA CRUZ,TEMPATE,50304,5630,67.71,197,5770,140.81,40.98,CHOROTEGA
GUANACASTE,SANTA CRUZ,CARTAGENA,50305,3824,76.08,92,4510,74.93,60.19,CHOROTEGA
GUANACASTE,SANTA CRUZ,CUAJINIQUIL,50306,1789,52.22,361,2285,232.94,9.81,CHOROTEGA
GUANACASTE,SANTA CRUZ,DIRIA,50307,3905,63.82,232,4530,63.8,71.0,CHOROTEGA
GUANACASTE,SANTA CRUZ,CABO VELAS,50308,3362,63.41,235,3896,73.12,53.28,CHOROTEGA
GUANACASTE,SANTA CRUZ,TAMARINDO,50309,6375,71.7,138,7299,123.53,59.09,CHOROTEGA
GUANACASTE,BAGACES,BAGACES,50401,12367,58.14,293,14670,886.72,16.54,CHOROTEGA
GUANACASTE,BAGACES,FORTUNA,50402,2756,56.66,308,2980,159.33,18.7,CHOROTEGA
GUANACASTE,BAGACES,MOGOTE,50403,3398,58.46,292,3893,184.54,21.1,CHOROTEGA
GUANACASTE,BAGACES,RÍO NARANJO,50404,1015,61.37,261,1135,42.9,26.46,CHOROTEGA
GUANACASTE,CARRILLO,FILADELFIA,50501,7953,72.87,123,8425,125.01,67.39,CHOROTEGA
GUANACASTE,CARRILLO,PALMIRA,50502,5416,72.81,124,5986,37.17,161.04,CHOROTEGA
GUANACASTE,CARRILLO,SARDINAL,50503,14912,80.63,59,17720,240.45,73.7,CHOROTEGA
GUANACASTE,CARRILLO,BELÉN,50504,8841,59.36,285,10194,174.91,58.28,CHOROTEGA
GUANACASTE,CAÑAS,CAÑAS,50601,20816,64.6,223,24700,193.22,127.83,CHOROTEGA
GUANACASTE,CAÑAS,PALMIRA,50602,988,40.14,457,1285,204.81,6.27,CHOROTEGA
GUANACASTE,CAÑAS,SAN MIGUEL,50603,1644,46.06,420,1979,120.52,16.42,CHOROTEGA
GUANACASTE,CAÑAS,BEBEDERO,50604,2084,51.32,373,2446,57.98,42.19,CHOROTEGA
GUANACASTE,CAÑAS,POROZAL,50605,669,27.46,479,770,105.67,7.29,CHOROTEGA
GUANACASTE,ABANGARES,JUNTAS,50701,9482,56.4,310,10054,229.35,43.84,CHOROTEGA
GUANACASTE,ABANGARES,SIERRA,50702,2351,51.38,370,2679,141.47,18.94,CHOROTEGA
GUANACASTE,ABANGARES,SAN JUAN,50703,1585,57.91,297,1760,109.17,16.12,CHOROTEGA
GUANACASTE,ABANGARES,COLORADO,50704,4621,62.73,245,4936,195.77,25.21,CHOROTEGA
GUANACASTE,TILARÁN,TILARÁN,50801,8677,77.27,80,9090,138.78,65.5,CHOROTEGA
GUANACASTE,TILARÁN,QUEBRADA GRANDE,50802,2700,52.74,353,2977,76.02,39.16,CHOROTEGA
GUANACASTE,TILARÁN,TRONADORA,50803,1795,66.11,208,1958,122.27,16.01,CHOROTEGA
GUANACASTE,TILARÁN,SANTA ROSA,50804,1945,58.83,291,2099,71.11,29.52,CHOROTEGA
GUANACASTE,TILARÁN,LÍBANO,50805,865,51.77,364,943,71.23,13.24,CHOROTEGA
GUANACASTE,TILARÁN,TIERRAS MORENAS,50806,1358,60.2,274,1502,83.46,18.0,CHOROTEGA
GUANACASTE,TILARÁN,ARENAL,50807,2300,59.91,279,2622,75.52,34.72,CHOROTEGA
GUANACASTE,NANDAYURE,CARMONA,50901,2486,72.96,121,2528,34.19,73.94,CHOROTEGA
GUANACASTE,NANDAYURE,SANTA RITA,50902,1446,48.41,399,1463,50.09,29.21,CHOROTEGA
GUANACASTE,NANDAYURE,ZAPOTAL,50903,1215,54.55,339,1258,103.53,12.15,CHOROTEGA
GUANACASTE,NANDAYURE,SAN PABLO,50904,2207,56.95,306,2309,76.12,30.33,CHOROTEGA
GUANACASTE,NANDAYURE,PORVENIR,50905,741,51.01,375,767,39.58,19.38,CHOROTEGA
GUANACASTE,NANDAYURE,BEJUCO,50906,3026,50.04,388,3313,262.08,12.64,CHOROTEGA
GUANACASTE,LA CRUZ,LA CRUZ,51001,9195,57.39,302,11763,346.22,33.98,CHOROTEGA
GUANACASTE,LA CRUZ,SANTA CECILIA,51002,6258,38.71,460,8255,257.68,32.04,CHOROTEGA
GUANACASTE,LA CRUZ,GARITA,51003,1688,42.63,448,2370,272.69,8.69,CHOROTEGA
GUANACASTE,LA CRUZ,SANTA ELENA,51004,2040,54.79,335,2696,507.31,5.31,CHOROTEGA
GUANACASTE,HOJANCHA,HOJANCHA,51101,4245,69.3,171,4506,79.61,56.6,CHOROTEGA
GUANACASTE,HOJANCHA,MONTE ROMO,51102,671,61.15,265,725,74.85,9.69,CHOROTEGA
GUANACASTE,HOJANCHA,PUERTO CARRILLO,51103,1574,57.23,304,1822,75.5,24.13,CHOROTEGA
GUANACASTE,HOJANCHA,HUACAS,51104,707,69.37,168,755,31.46,24.0,CHOROTEGA
PUNTARENAS,PUNTARENAS,PUNTARENAS,60101,8335,70.06,160,9963,35.63,279.62,PACÍFICO CENTRAL
PUNTARENAS,PUNTARENAS,PITAHAYA,60102,2211,52.78,352,2503,115.85,21.61,PACÍFICO CENTRAL
PUNTARENAS,PUNTARENAS,CHOMES,60103,5522,43.6,440,6181,127.6,48.44,PACÍFICO CENTRAL
PUNTARENAS,PUNTARENAS,LEPANTO,60104,9502,50.18,385,10118,420.46,24.06,PACÍFICO CENTRAL
PUNTARENAS,PUNTARENAS,PAQUERA,60105,6686,55.97,320,7829,337.88,23.17,PACÍFICO CENTRAL
PUNTARENAS,PUNTARENAS,MANZANILLO,60106,2811,50.85,377,3203,58.86,54.42,PACÍFICO CENTRAL
PUNTARENAS,PUNTARENAS,GUACIMAL,60107,923,46.41,415,1117,106.23,10.51,PACÍFICO CENTRAL
PUNTARENAS,PUNTARENAS,BARRANCA,60108,30650,59.72,282,35415,35.07,1009.84,PACÍFICO CENTRAL
PUNTARENAS,PUNTARENAS,MONTE VERDE,60109,4155,65.92,210,4660,52.97,87.97,PACÍFICO CENTRAL
PUNTARENAS,PUNTARENAS,COBANO,60111,7494,56.26,313,9063,316.61,28.63,PACÍFICO CENTRAL
PUNTARENAS,PUNTARENAS,CHACARITA,60112,17434,63.13,236,19257,4.84,3978.72,PACÍFICO CENTRAL
PUNTARENAS,PUNTARENAS,CHIRA,60113,1576,42.2,450,1628,43.0,37.86,PACÍFICO CENTRAL
PUNTARENAS,PUNTARENAS,ACAPULCO,60114,1296,43.62,439,1465,110.54,13.25,PACÍFICO CENTRAL
PUNTARENAS,PUNTARENAS,EL ROBLE,60115,15759,72.68,127,19301,7.94,2430.86,PACÍFICO CENTRAL
PUNTARENAS,PUNTARENAS,ARANCIBIA,60116,665,47.8,402,737,45.0,16.38,PACÍFICO CENTRAL
PUNTARENAS,ESPARZA,ESPIRITU SANTO,60201,15686,71.95,135,19828,18.95,1046.34,PACÍFICO CENTRAL
PUNTARENAS,ESPARZA,SAN JUAN GRANDE,60202,6171,57.96,295,5153,18.7,275.57,PACÍFICO CENTRAL
PUNTARENAS,ESPARZA,MACACONA,60203,4742,74.93,98,4935,33.51,147.27,PACÍFICO CENTRAL
PUNTARENAS,ESPARZA,SAN RAFAEL,60204,1294,62.77,243,1561,34.35,45.44,PACÍFICO CENTRAL
PUNTARENAS,ESPARZA,SAN JERÓNIMO,60205,751,62.02,257,879,49.95,17.6,PACÍFICO CENTRAL
PUNTARENAS,ESPARZA,CALDERA,60206,253,69.58,164,3631,62.01,58.57,PACÍFICO CENTRAL
PUNTARENAS,BUENOS AIRES,BUENOS AIRES,60301,21063,49.88,389,25224,552.51,45.65,BRUNCA
PUNTARENAS,BUENOS AIRES,VOLCAN,60302,3815,46.31,416,3839,188.5,20.37,BRUNCA
PUNTARENAS,BUENOS AIRES,POTRERO GRANDE,60303,5956,34.04,473,6427,627.43,10.24,BRUNCA
PUNTARENAS,BUENOS AIRES,BORUCA,60304,3074,37.22,463,3249,138.03,23.54,BRUNCA
PUNTARENAS,BUENOS AIRES,PILAS,60305,1659,38.43,461,1766,110.7,15.95,BRUNCA
PUNTARENAS,BUENOS AIRES,COLINAS,60306,1371,33.25,474,1423,122.03,11.66,BRUNCA
PUNTARENAS,BUENOS AIRES,CHANGENA,60307,2631,36.03,469,2877,272.88,10.54,BRUNCA
PUNTARENAS,BUENOS AIRES,BRIOLLEY,60308,2455,43.6,441,2631,208.34,12.63,BRUNCA
PUNTARENAS,BUENOS AIRES,BRUNKA,60309,3220,50.89,376,3303,163.8,20.16,BRUNCA
PUNTARENAS,MONTES DE ORO,MIRAMAR,60401,8298,72.22,132,8585,125.87,68.21,PACÍFICO CENTRAL
PUNTARENAS,MONTES DE ORO,LA UNIÓN,60402,1249,53.83,343,1440,60.42,23.83,PACÍFICO CENTRAL
PUNTARENAS,MONTES DE ORO,SAN ISIDRO,60403,3403,65.35,216,3707,58.47,63.4,PACÍFICO CENTRAL
PUNTARENAS,OSA,PUERTO CORTÉS,60501,7969,61.26,262,8441,226.19,37.32,BRUNCA
PUNTARENAS,OSA,PALMAR,60502,9815,53.17,349,9672,264.4,36.58,BRUNCA
PUNTARENAS,OSA,SIERPE,60503,4205,34.54,472,3514,628.31,5.59,BRUNCA
PUNTARENAS,OSA,BAHIA BALLENA,60504,3306,50.16,386,3338,160.76,20.76,BRUNCA
PUNTARENAS,OSA,PIEDRAS BLANCAS,60505,4138,40.71,455,4397,257.89,17.05,BRUNCA
PUNTARENAS,OSA,BAHÍA DRAKE,60506,1081,42.68,447,1110,392.69,2.83,BRUNCA
PUNTARENAS,QUEPOS,QUEPOS,60601,19858,64.46,225,23210,222.89,104.13,PACÍFICO CENTRAL
PUNTARENAS,QUEPOS,SAVEGRE,60602,3326,51.37,372,3862,216.24,17.86,PACÍFICO CENTRAL
PUNTARENAS,QUEPOS,NARANJITO,60603,3677,60.32,273,4061,104.64,38.81,PACÍFICO CENTRAL
PUNTARENAS,GOLFITO,GOLFITO,60701,11284,53.21,348,11737,345.6,33.96,BRUNCA
PUNTARENAS,GOLFITO,PUERTO JIMÉNEZ,60702,8789,43.08,443,11008,720.54,15.28,BRUNCA
PUNTARENAS,GOLFITO,GUAYCARÁ,60703,12918,49.6,393,13674,324.66,42.12,BRUNCA
PUNTARENAS,GOLFITO,PAVÓN,60704,6159,32.91,475,7112,363.16,19.58,BRUNCA
PUNTARENAS,COTO BRUS,SAN VITO,60801,14834,61.91,258,12554,76.9,163.26,BRUNCA
PUNTARENAS,COTO BRUS,SABALITO,60802,10984,47.79,403,12084,186.6,64.76,BRUNCA
PUNTARENAS,COTO BRUS,AGUABUENA,60803,6286,52.46,355,6982,61.18,114.12,BRUNCA
PUNTARENAS,COTO BRUS,LIMÓNCITO,60804,3591,36.3,467,4116,118.57,34.71,BRUNCA
PUNTARENAS,COTO BRUS,PITTIER,60805,2758,32.49,476,3298,255.05,12.93,BRUNCA
PUNTARENAS,COTO BRUS,GUTIÉRREZ BRAUN,60806,708,41.61,453,4979,235.61,21.13,BRUNCA
PUNTARENAS,PARRITA,PARRITA,60901,16115,53.69,345,18692,478.79,39.04,PACÍFICO CENTRAL
PUNTARENAS,CORREDORES,CORREDOR,61001,17250,49.13,394,19610,272.19,72.05,BRUNCA
PUNTARENAS,CORREDORES,LA CUESTA,61002,3906,52.35,358,4867,40.25,120.92,BRUNCA
PUNTARENAS,CORREDORES,CANOAS,61003,11527,43.96,437,14424,122.33,117.91,BRUNCA
PUNTARENAS,CORREDORES,LAUREL,61004,9148,45.15,429,11195,185.83,60.24,BRUNCA
PUNTARENAS,GARABITO,JACÓ,61101,11685,70.22,158,15891,140.41,113.18,PACÍFICO CENTRAL
PUNTARENAS,GARABITO,TARCOLES,61102,5544,56.21,315,7534,175.9,42.83,PACÍFICO CENTRAL
LIMÓN,LIMÓN,LIMÓN,70101,61072,64.76,222,61588,59.76,1030.59,HUETAR CARIBE
LIMÓN,LIMÓN,VALLE LA ESTRELLA,70102,17908,28.67,478,19515,1232.93,15.83,HUETAR CARIBE
LIMÓN,LIMÓN,RÍO BLANCO,70103,8307,46.76,413,9408,133.35,70.55,HUETAR CARIBE
LIMÓN,LIMÓN,MATAMA,70104,7128,48.92,398,7948,339.75,23.39,HUETAR CARIBE
LIMÓN,POCOCÍ,GUAPILES,70201,36469,67.86,195,35695,219.97,162.27,HUETAR CARIBE
LIMÓN,POCOCÍ,JIMÉNEZ,70202,10501,62.76,244,11987,107.72,111.28,HUETAR CARIBE
LIMÓN,POCOCÍ,LA RITA,70203,24041,43.68,438,27147,469.05,57.88,HUETAR CARIBE
LIMÓN,POCOCÍ,ROXANA,70204,16790,44.98,432,18875,177.09,106.58,HUETAR CARIBE
LIMÓN,POCOCÍ,CARIARI,70205,34176,47.92,401,37508,224.29,167.23,HUETAR CARIBE
LIMÓN,POCOCÍ,COLORADO,70206,3985,28.88,477,4681,1165.37,4.02,HUETAR CARIBE
LIMÓN,POCOCÍ,LA COLONIA,70207,6007,65.72,213,6278,40.0,156.95,HUETAR CARIBE
LIMÓN,SIQUIRRES,SIQUIRRES,70301,31637,53.23,347,34045,373.25,91.21,HUETAR CARIBE
LIMÓN,SIQUIRRES,PACUARITO,70302,8756,40.16,456,10118,218.03,46.41,HUETAR CARIBE
LIMÓN,SIQUIRRES,FLORIDA,70303,2184,49.78,392,2526,93.02,27.16,HUETAR CARIBE
LIMÓN,SIQUIRRES,GERMANIA,70304,2471,46.16,419,2881,32.46,88.76,HUETAR CARIBE
LIMÓN,SIQUIRRES,CAIRO,70305,6082,39.48,459,7065,106.23,66.51,HUETAR CARIBE
LIMÓN,SIQUIRRES,ALEGRÍA,70306,5656,55.04,334,6487,37.2,174.38,HUETAR CARIBE
LIMÓN,TALAMANCA,BRATSI,70401,7318,34.8,471,9223,179.25,51.45,HUETAR CARIBE
LIMÓN,TALAMANCA,SIXAOLA,70402,8861,35.4,470,11187,171.78,65.12,HUETAR CARIBE
LIMÓN,TALAMANCA,CAHUITA,70403,8293,46.17,418,11795,235.64,50.06,HUETAR CARIBE
LIMÓN,TALAMANCA,TELIRE,70404,6240,16.16,481,7633,2223.26,3.43,HUETAR CARIBE
LIMÓN,MATINA,MATINA,70501,9142,45.74,422,10174,354.37,28.71,HUETAR CARIBE
LIMÓN,MATINA,BATÁN,70502,16532,50.73,379,19247,213.26,90.25,HUETAR CARIBE
LIMÓN,MATINA,CARRANDI,70503,12047,46.84,412,14705,205.01,71.73,HUETAR CARIBE
LIMÓN,GUÁCIMO,GUÁCIMO,70601,18326,55.46,324,23093,222.0,104.02,HUETAR CARIBE
LIMÓN,GUÁCIMO,MERCEDES,70602,1707,56.8,307,2205,89.24,24.71,HUETAR CARIBE
LIMÓN,GUÁCIMO,POCORA,70603,6432,52.98,350,7787,72.15,107.93,HUETAR CARIBE
LIMÓN,GUÁCIMO,RÍO JIMÉNEZ,70604,8742,45.57,426,10754,110.68,97.16,HUETAR CARIBE
LIMÓN,GUÁCIMO,DUACARÍ,70605,6059,41.88,452,7458,82.41,90.5,HUETAR CARIBE
